"CategoryID","Table","measurementType","TermID","measurementID","measurementTerm","LongName","Description","Examples","DataType","measurementUnit","AREMPField","AIMField","NewAIMField","NRSAField","PIBOField"
1,"RecordLevel",NA,NA,NA,"basisOfRecord","basis of record","The specific nature of the data record.","Recommended best practice is to use the standard label of one of the Darwin Core classes.","String",NA,NA,NA,NA,NA,NA
1,"RecordLevel",NA,NA,NA,"informationWithheald","Information Withheld","Additional information that exists, but that has not been shared in the given record.","location information not given for endangered species, collector identities withheld | ask about tissue samples","String",NA,NA,NA,NA,NA,NA
2,"Location",NA,6,NA,"verbatimCoordinateSystem","From the DatasetCoordinateSystem","The spatial coordinate system for the verbatimLatitude and verbatimLongitude or the verbatimCoordinates of the Location.",NA,"String",NA,NA,NA,NA,NA,NA
2,"Location",NA,NA,NA,NA,"Admistriative state",NA,NA,NA,NA,NA,"ADMIN_ST","BLM_AdminState",NA,NA
2,"Location",NA,11,NA,"Region","FS Region or BLM State Office",NA,NA,"String",NA,"STATES","State",NA,NA,"Region"
2,"Location",NA,12,NA,"Forest","FS Forest or BLM District",NA,NA,"String",NA,NA,"District",NA,NA,"Forest"
2,"Location",NA,13,NA,"District","Forest Service District or BLM Field Office/Resource Area",NA,NA,"String",NA,NA,"FieldOffice",NA,NA,"District"
2,"Location",NA,14,NA,NA,"Nominal latitude in decimal degrees",NA,NA,NA,NA,NA,NA,NA,"LAT_DD83",NA
2,"Location",NA,15,NA,NA,"Nominal longitude in decimal degrees",NA,NA,NA,NA,NA,NA,NA,"LON_DD83",NA
2,"Location",NA,16,NA,NA,"Creek Code",NA,NA,NA,NA,"creek_code",NA,NA,NA,NA
2,"Identification",NA,16,NA,NA,"Targeted or Random",NA,NA,NA,NA,NA,"Targeted",NA,NA,NA
2,"Location",NA,17,NA,NA,"Mid Reach Latitude",NA,NA,NA,NA,NA,"MidLat",NA,NA,NA
2,"Location",NA,18,NA,NA,"Mid Reach Longitude",NA,NA,NA,NA,NA,"MidLong",NA,NA,NA
2,"Location",NA,19,NA,NA,"Top of Reach Latitude",NA,NA,NA,NA,NA,"TRLat",NA,NA,NA
2,"Location",NA,20,NA,NA,"Top of Reach Longitude",NA,NA,NA,NA,NA,"TRLong",NA,NA,NA
2,"Location",NA,21,NA,"waterbody","waterbody","The name of the water body in which the Location occurs from the NHD+ layer.",NA,"String",NA,NA,NA,NA,NA,NA
2,"Identification",NA,NA,NA,NA,"PIBO Use of Site",NA,NA,NA,NA,NA,NA,NA,NA,"Project"
2,"Identification",NA,NA,NA,NA,"PIBO Sample Type",NA,NA,NA,NA,NA,NA,NA,NA,"Type"
2,"Identification",NA,NA,NA,NA,"Panel year",NA,NA,NA,NA,NA,NA,NA,NA,"PanelYr"
2,"Identification",NA,NA,NA,NA,"EPA Site Class",NA,NA,NA,NA,NA,NA,NA,"SITE_CLASS",NA
2,"Identification",NA,NA,NA,NA,"EPA X Site Status",NA,NA,NA,NA,NA,NA,NA,"VALXSITE",NA
2,"Identification",NA,NA,NA,NA,"Use visit in NRSA population estimates",NA,NA,NA,NA,NA,NA,NA,"USE_NRSA",NA
2,"Identification",NA,NA,NA,NA,"EPA Great river site",NA,NA,NA,NA,NA,NA,NA,"GREAT_RIVER",NA
2,"Identification",NA,NA,NA,NA,"Count of Visits per Year",NA,NA,NA,NA,NA,NA,NA,"VISIT_NO",NA
2,"Identification",NA,NA,NA,NA,"Site Name",NA,NA,NA,NA,NA,NA,NA,NA,"SiteName"
2,"Identification",NA,NA,NA,NA,"PIBO Group",NA,NA,NA,NA,NA,NA,NA,NA,"Group"
2,"Identification",NA,NA,NA,NA,"PIBO Order",NA,NA,NA,NA,NA,NA,NA,NA,"Order"
2,"Identification",NA,NA,NA,NA,"BLM Merge of Site Code",NA,NA,NA,NA,NA,"MergeSiteCodes",NA,NA,NA
2,"Identification",NA,NA,NA,NA,"Visit Number",NA,NA,NA,NA,NA,"VisitNumber",NA,NA,NA
2,"Identification",NA,NA,NA,NA,"BLM Project",NA,NA,NA,NA,NA,"Project",NA,NA,NA
2,"Identification",NA,NA,NA,NA,"BLM Stratum",NA,NA,NA,NA,NA,"Stratum",NA,NA,NA
3,"Event",NA,4,NA,"verbatimEventDate","Sample Date","The verbatim original representation of the date and time information for an Event.","spring 1910, ""Marzo 2002"", ""1999-03-XX"", ""17IV1934""","Date",NA,"survey_date","DT","FieldEvalDate","DATE_COL",NA
3,"Event",NA,6,NA,"verbatimEventTime","Time","The time or interval during which an Event occurred. Recommended best practice is to use an encoding scheme, such as ISO 8601:2004(E).","14:07-0600 is 2:07pm in the time zone six hours earlier than UTC, ""08:40:21Z"" is 8:40:21am UTC, ""13:00:00Z/15:30:00Z"" is the interval between 1pm UTC and 3:30pm UTC.","Date",NA,NA,NA,NA,NA,NA
3,"Event",NA,10,NA,"fieldNumber",NA,"An identifier given to the event in the field. Often serves as a link between field notes and the Event.","RV Sol 87-03-08","String",NA,NA,NA,NA,NA,NA
4,"MeasurementOrFact",NA,5,NA,"measurementAccuracy",NA,"The description of the potential error associated with the measurementValue.","0.01, ""normal distribution with variation of 2 m""","String",NA,NA,NA,NA,NA,NA
5,"ControlledVocabulary","Channel dimensions",7,1,"WetWidthToDepth","Wetted width to depth ratio at transects","Mean Wetted Width/Thalweg Depth ratio",NA,"Numeric","ratio",NA,NA,NA,"XWD_RAT","WDWetTrans"
5,"ControlledVocabulary","Channel dimensions",8,1,"CVWetWidth","CV Wetted Width",NA,NA,"Numeric",NA,NA,NA,NA,"CVWIDTH",NA
5,"ControlledVocabulary","Channel dimensions",9,1,NA,"Mean Flow Direction of Reach",NA,NA,NA,NA,NA,NA,NA,"PCTCLINOMETER",NA
5,"ControlledVocabulary","Channel dimensions",10,1,NA,"Mean Flow Direction of Reach",NA,NA,NA,NA,NA,NA,NA,"XBEARING",NA
5,"ControlledVocabulary","Channel dimensions",11,1,NA,"Mean Slope From Field Based Measurements",NA,NA,NA,NA,NA,NA,NA,"XSLOPE_FIELD",NA
5,"ControlledVocabulary","Channel dimensions",12,1,NA,"Mean Slope From Map-Based Calculations",NA,NA,NA,NA,NA,NA,NA,"XSLOPE_MAP",NA
5,"ControlledVocabulary","Channel dimensions",13,1,NA,"Mean wetted width X Thalweg Depth",NA,NA,NA,NA,NA,NA,NA,"XWXD",NA
5,"ControlledVocabulary","Channel dimensions",14,1,NA,"Channel Incision Height -Standard Deviation",NA,NA,NA,NA,NA,NA,NA,"SDINC_H",NA
5,"ControlledVocabulary","Channel dimensions",15,1,NA,"Std Dev of Width/Depth Ratio (m/m)",NA,NA,NA,NA,NA,NA,NA,"SDWD_RAT",NA
5,"ControlledVocabulary","Channel dimensions",16,1,NA,"Standard Deviation . of Wetted Width (m)",NA,NA,NA,NA,NA,NA,NA,"SDWIDTH",NA
5,"ControlledVocabulary","Channel dimensions",17,1,NA,"Standard Deviation . of Wetted Width x Thalweg Depth (m2)",NA,NA,NA,NA,NA,NA,NA,"SDWXD",NA
5,"ControlledVocabulary","Channel dimensions",18,1,NA,"Average Bankfull Area",NA,NA,NA,NA,"ave_bfarea",NA,NA,NA,NA
5,"ControlledVocabulary","Channel dimensions",19,1,NA,"Minimum Bankfull Width at a Reach",NA,NA,NA,NA,"min_bfwidth",NA,NA,NA,NA
5,"ControlledVocabulary","Channel dimensions",20,1,NA,"Maxima Bankfull Width at a Reach",NA,NA,NA,NA,"max_bfwidth",NA,NA,NA,NA
5,"ControlledVocabulary","Channel dimensions",21,1,NA,"Floodplain Height",NA,NA,NA,NA,NA,"FloodplainHeight",NA,NA,NA
5,"ControlledVocabulary","Channel dimensions",22,1,NA,"Terrace Height Above Water",NA,NA,NA,NA,NA,NA,NA,"XINC_H",NA
5,"ControlledVocabulary","Channel dimensions",23,1,NA,"Length of Sample Reach at Original Sampling Occurrence",NA,NA,NA,NA,"reach_length_original",NA,NA,NA,NA
5,"ControlledVocabulary","Channel dimensions",24,1,"CVThalwag Depth","CV Thalweg Depth",NA,NA,"Numeric",NA,NA,"ThalwegDepthCV",NA,"CVDTH",NA
5,"ControlledVocabulary","Channel Characteristics",5,2,NA,"Percent of Reach that is Dry",NA,NA,NA,NA,NA,NA,NA,"PCT_DR",NA
5,"ControlledVocabulary","Channel Characteristics",6,2,NA,"Constraining features",NA,NA,NA,NA,NA,NA,NA,"CONFEATURES",NA
5,"ControlledVocabulary","Channel Characteristics",7,2,NA,"Channel pattern",NA,NA,NA,NA,NA,NA,NA,"CONPATTERN",NA
5,"ControlledVocabulary","Channel Characteristics",8,2,NA,"Percent of channel length in contact with constraining features",NA,NA,NA,NA,NA,NA,NA,"CONPERCENT",NA
5,"ControlledVocabulary","Channel Characteristics",9,2,NA,"Channel Constraint Type",NA,NA,NA,NA,NA,NA,NA,"CONSTRAINT",NA
5,"ControlledVocabulary","Channel Characteristics",10,2,NA,"Estimated Valley Width",NA,NA,NA,NA,NA,NA,NA,"CONVALLEY",NA
5,"ControlledVocabulary","Channel Characteristics",11,2,NA,"Valley Boarders not Seen",NA,NA,NA,NA,NA,NA,NA,"CONVALLEYBOX",NA
5,"ControlledVocabulary","Channel Characteristics",12,2,NA,"Percent of Reach Ability to See Over Bank",NA,NA,NA,NA,NA,NA,NA,"PCT_OVRB",NA
5,"ControlledVocabulary","Channel Characteristics",13,2,NA,"Distance (m) from shoreline to vegetation",NA,NA,NA,NA,NA,NA,NA,"XSHOR2VG",NA
5,"ControlledVocabulary","Channel Characteristics",14,2,NA,"Percent of Reach that is Dry",NA,NA,NA,NA,NA,NA,NA,"PCT_DR",NA
5,"ControlledVocabulary","Channel Characteristics",15,2,NA,"Percent of Reach that is Falls",NA,NA,NA,NA,NA,NA,NA,"PCT_FA",NA
5,"ControlledVocabulary","Channel Characteristics",16,2,NA,"Percent Fast Water Habitat",NA,NA,NA,NA,NA,NA,NA,"PCT_FAST",NA
5,"ControlledVocabulary","Channel Characteristics",17,2,NA,"Glide (% of reach)",NA,NA,NA,NA,NA,NA,NA,"PCT_GL",NA
5,"ControlledVocabulary","Channel Characteristics",18,2,NA,"Percent of reach with Pool or Glide Habitat",NA,NA,NA,NA,NA,NA,NA,"PCT_SLOW",NA
5,"ControlledVocabulary","Channel Characteristics",19,2,NA,"Floodplain Connectivity",NA,NA,NA,NA,NA,"FloodplainConnectivity",NA,NA,NA
5,"ControlledVocabulary","Channel Characteristics",20,2,NA,"Instream Habitat Complexity",NA,NA,NA,NA,NA,"InstreamHabitatComplexity",NA,NA,NA
5,"ControlledVocabulary","Channel Characteristics",21,2,NA,"Flood Prone Width",NA,NA,NA,NA,NA,"FloodWidth",NA,NA,NA
5,"ControlledVocabulary","Channel Characteristics",22,2,NA,"Percent of the Reach With a Side Channel or Backwater",NA,NA,NA,NA,NA,NA,NA,"PCT_SIDE",NA
5,"ControlledVocabulary","Channel Characteristics",23,2,NA,"Entrench Ratio",NA,NA,NA,NA,NA,"Entrench",NA,NA,NA
5,"ControlledVocabulary","Channel Characteristics",24,2,NA,"Beaver Flow Modification",NA,NA,NA,NA,NA,"BeaverFlowMod",NA,NA,NA
5,"ControlledVocabulary","Channel Characteristics",25,2,NA,"Water Withdrawal (Y/N)",NA,NA,NA,NA,NA,"WaterWithdrawal",NA,NA,NA
5,"ControlledVocabulary","Channel Characteristics",26,2,NA,"Stream Order Category",NA,NA,NA,NA,NA,"StreamSizeOrder",NA,NA,NA
5,"ControlledVocabulary","Channel Characteristics",27,2,NA,"Stream Size Category",NA,NA,NA,NA,NA,"StreamSizeBankfull",NA,NA,NA
5,"ControlledVocabulary","Channel Characteristics",28,2,"BeaverPresent","Beaver Present","Indication if beaver's have disturbed the flow of the stream in the reach.",NA,"Categorical",NA,NA,NA,NA,NA,NA
5,"ControlledVocabulary","Bed stability",1,3,NA,"Hydraulic Resistance due to Bed Particles at Bankfull",NA,NA,NA,NA,NA,NA,NA,"CP3_MILL",NA
5,"ControlledVocabulary","Bed stability",2,3,NA,"Ratio of particle to total hydraulic resistances at bankfull",NA,NA,NA,NA,NA,NA,NA,"CP3CTRPWD_RAT",NA
5,"ControlledVocabulary","Bed stability",3,3,NA,"Hydraulic Resistance, Total at Bankfull",NA,NA,NA,NA,NA,NA,NA,"CT_RPWD",NA
5,"ControlledVocabulary","Bed stability",4,3,NA,"Streambed Critical Diameter-at Bankfull",NA,NA,NA,NA,NA,NA,NA,"LDMB_BW5",NA
5,"ControlledVocabulary","Bed stability",5,3,NA,"Relative Bed Stability (Log10)",NA,NA,NA,NA,NA,NA,NA,"LRBS_BW5",NA
5,"ControlledVocabulary","Bed stability",6,3,NA,"Log10[Erod. sub. dia.]- Est. 2 split BL",NA,NA,NA,NA,NA,NA,NA,"LRBS_BW6",NA
5,"ControlledVocabulary","Bed stability",7,3,NA,"Log10(Relative Bed Stability (Dgm/Dcb) (PRK 2008)",NA,NA,NA,NA,NA,NA,NA,"LRBS_G08",NA
5,"ControlledVocabulary","Bed stability",8,3,NA,"Log10[Relative Bed Stability] - Fast est",NA,NA,NA,NA,NA,NA,NA,"LRBS_TST",NA
5,"ControlledVocabulary","Bed stability",9,3,NA,"Log10[Erodible Substr Dia.(mm)]-Fast est",NA,NA,NA,NA,NA,NA,NA,"LTEST",NA
5,"ControlledVocabulary","Bed stability",10,3,NA,"Hydraulic Radius of Channel at Bankfull",NA,NA,NA,NA,NA,NA,NA,"RB3",NA
5,"ControlledVocabulary","Bed stability",11,3,NA,"Particle Reynolds Number at Bankful",NA,NA,NA,NA,NA,NA,NA,"REYP3",NA
5,"ControlledVocabulary","Bed stability",12,3,NA,"Effective Hydraulic Radius at Bankfull",NA,NA,NA,NA,NA,NA,NA,"RRPW3",NA
5,"ControlledVocabulary","Bed stability",13,3,NA,"Shields parameter at Bankful",NA,NA,NA,NA,NA,NA,NA,"SHLD_PX3",NA
5,"ControlledVocabulary","Pools",2,4,NA,"Maximum Residual Pool Depth in Reach",NA,NA,NA,NA,NA,NA,NA,"RPMXDEP_CM",NA
5,"ControlledVocabulary","Pools",3,4,NA,"Mean Residual Pool Depth Per Pool",NA,NA,NA,NA,NA,NA,NA,"RPXDEP_CM",NA
5,"ControlledVocabulary","Pools",5,4,"PoolFreq","Number of pools per kilometer",NA,NA,"Numeric",NA,NA,"PoolFreq",NA,NA,"PoolFreq"
5,"ControlledVocabulary","Pools",6,4,NA,"Residual pool depth Greater then 50 cm per reach",NA,NA,NA,NA,NA,NA,NA,"RPGT50",NA
5,"ControlledVocabulary","Pools",7,4,NA,"Residual pool depth Greater then 75 cm per reach",NA,NA,NA,NA,NA,NA,NA,"RPGT75",NA
5,"ControlledVocabulary","Pools",8,4,NA,"Residual pool proportion",NA,NA,NA,NA,NA,NA,NA,"RPRAT",NA
5,"ControlledVocabulary",NA,NA,NA,NA,"Bank angle",NA,NA,NA,NA,NA,NA,NA,"XBKA",NA
NA,NA,NA,NA,NA,NA,NA,NA,NA,NA,NA,NA,NA,NA,NA,NA
5,"ControlledVocabulary","Streambanks",3,5,NA,"Median Bank Angle",NA,NA,NA,NA,NA,NA,NA,"MEDBK_A",NA
5,"ControlledVocabulary","Streambanks",4,5,NA,"Median Undercut Distance",NA,NA,NA,NA,NA,NA,NA,"MEDBKUN",NA
5,"ControlledVocabulary","Streambanks",5,5,NA,"Mean Undercut Distance",NA,NA,NA,NA,NA,NA,NA,"XUN",NA
5,"ControlledVocabulary","Streambanks",6,5,NA,"Mode of bank slope category",NA,NA,NA,NA,NA,NA,NA,"BANGMODE",NA
5,"ControlledVocabulary","Streambanks",7,5,NA,"Percent of bank angles < 90o",NA,NA,NA,NA,NA,NA,NA,NA,"UnCutPct"
5,"ControlledVocabulary","Streambanks",8,5,NA,"Bank Cover",NA,NA,NA,NA,NA,"BankCover",NA,NA,NA
5,"ControlledVocabulary","Streambanks",9,5,NA,"Bank Cover Stability",NA,NA,NA,NA,NA,"BnkCover_Stab",NA,NA,NA
5,"ControlledVocabulary","Streambanks",10,5,NA,"Bank Cover Bedrock",NA,NA,NA,NA,NA,"BnkCoverBedrock",NA,NA,NA
5,"ControlledVocabulary","Streambanks",11,5,NA,"Bank Cover Cobble",NA,NA,NA,NA,NA,"BnkCoverCobble",NA,NA,NA
5,"ControlledVocabulary","Streambanks",12,5,NA,"Bank Cover Large Wood Debris",NA,NA,NA,NA,NA,"BnkCoverLWD",NA,NA,NA
5,"ControlledVocabulary","Streambanks",13,5,NA,"Bank Cover Vegetation",NA,NA,NA,NA,NA,"BnkCoverVeg",NA,NA,NA
5,"ControlledVocabulary","Substrate",NA,6,"Bed Surface % Fines <0.06mm",NA,NA,NA,NA,NA,NA,NA,NA,NA,NA
5,"ControlledVocabulary","Substrate",9,6,NA,"Diameter of the 50th percentile streambed particle with Bedrock removed",NA,NA,NA,NA,"D50nobed",NA,NA,NA,NA
5,"ControlledVocabulary","Substrate",10,6,NA,"Streambed Critical Diameter-at Bankfull (Log 10)",NA,NA,NA,NA,NA,NA,NA,"LDCBF_G08",NA
5,"ControlledVocabulary","Substrate",11,6,NA,"Dgm--Geometric Mean Bed Surface Particle Diameter (Log 10)",NA,NA,NA,NA,NA,NA,NA,"LSUB_DMM",NA
5,"ControlledVocabulary","Substrate",12,6,NA,"Log10(Dgm--Geom.Mean Bed Surf.Part Diam,exclud Bdrk+hardpan--mm)",NA,NA,NA,NA,NA,NA,NA,"LSUB_DMM_NOR",NA
5,"ControlledVocabulary","Substrate",13,6,NA,"Thalweg substrate -Standard Deviation (LOG10)",NA,NA,NA,NA,NA,NA,NA,"LSUBD_SD",NA
5,"ControlledVocabulary","Substrate",15,6,NA,"Percent Bed Surface Bedrock and Hardpan",NA,NA,NA,NA,NA,NA,NA,"PCT_BH",NA
5,"ControlledVocabulary","Substrate",16,6,NA,"Bed Surface Percent Larger than Gravel (64mm)",NA,NA,NA,NA,NA,NA,NA,"PCT_BIGR",NA
5,"ControlledVocabulary","Substrate",17,6,NA,"Percent Substrate Coarse Gravel -- 16-64 mm",NA,NA,NA,NA,NA,NA,NA,"PCT_GC",NA
5,"ControlledVocabulary","Substrate",18,6,NA,"Percent Substrate Fine Gravel -- 2-16 mm",NA,NA,NA,NA,NA,NA,NA,"PCT_GF",NA
5,"ControlledVocabulary","Substrate",19,6,NA,"Percent Thalweg substrate Gravel -- 16-64 mm",NA,NA,NA,NA,NA,NA,NA,"PCT_GR",NA
5,"ControlledVocabulary","Substrate",20,6,NA,"Bed Surface Percent Hardpan",NA,NA,NA,NA,NA,NA,NA,"PCT_HP",NA
5,"ControlledVocabulary","Substrate",21,6,NA,"Percent Substrate Organic detritus",NA,NA,NA,NA,NA,NA,NA,"PCT_OM",NA
5,"ControlledVocabulary","Substrate",22,6,NA,"Percent Substrate Wood or Detritus",NA,NA,NA,NA,NA,NA,NA,"PCT_ORG",NA
5,"ControlledVocabulary","Substrate",23,6,NA,"Thalweg substrate Miscellaneous -- (Percent)",NA,NA,NA,NA,NA,NA,NA,"PCT_OT",NA
5,"ControlledVocabulary","Substrate",24,6,NA,"Percent Substrate Concrete",NA,NA,NA,NA,NA,NA,NA,"PCT_RC",NA
5,"ControlledVocabulary","Substrate",25,6,NA,"Percent Thalweg Substrate Sand -- .06-2 mm",NA,NA,NA,NA,NA,NA,NA,"PCT_SA",NA
5,"ControlledVocabulary","Substrate",26,6,NA,"Bed Surface Fine Gravel or smaller (<16mm)",NA,NA,NA,NA,NA,NA,NA,"PCT_SFGF",NA
5,"ControlledVocabulary","Substrate",27,6,NA,"Percent Substrate Woody",NA,NA,NA,NA,NA,NA,NA,"PCT_WD",NA
5,"ControlledVocabulary","Substrate",28,6,NA,"Percent Mean Embeddedness--Channel only",NA,NA,NA,NA,NA,NA,NA,"XCEMBED",NA
5,"ControlledVocabulary","Substrate",29,6,NA,"Percent Mean streambed embeddedness",NA,NA,NA,NA,NA,NA,NA,"XEMBED",NA
5,"ControlledVocabulary","Substrate",30,6,NA,"Geometric Mean Particle Diameter",NA,NA,NA,NA,NA,"GeometricMeanParticleDiam",NA,NA,NA
5,"ControlledVocabulary","Substrate",31,6,NA,"Bed Surface course gravel or smaller",NA,NA,NA,NA,NA,NA,NA,"PCT_SFG",NA
5,"ControlledVocabulary","Substrate",34,6,"CountFines","Count of Pools Fines are Measured In",NA,NA,NA,NA,"number_pools_fines",NA,NA,NA,NA
5,"ControlledVocabulary","Wood",1,7,"LWDFreq","Large wood frequency","Frequency of large woody debris within the channel of the reach.",NA,"Numeric",NA,NA,"LWD_FREQ","LargeWoodFreq","C1WM100","LWFrq"
5,"ControlledVocabulary","Wood",2,7,"LWDVol","Large wood volume","Volume of LWD within the channel of the reach",NA,"Numeric",NA,NA,"LWD_VL","LargeWoodVol","V1WM100","LWVol"
5,"ControlledVocabulary","Wood",3,7,NA,"Large Wood above Bankfull Channel",NA,NA,NA,NA,NA,NA,NA,"C1TM100",NA
5,"ControlledVocabulary","Wood",4,7,NA,"Large Wood in and Above the Wetted Channel",NA,NA,NA,NA,NA,NA,NA,"C2TM100",NA
5,"ControlledVocabulary","Wood",5,7,NA,"Large Wood in the Wetted Channel",NA,NA,NA,NA,NA,NA,NA,"C2WM100",NA
5,"ControlledVocabulary","Wood",6,7,NA,"Large Wood in/above Wetted Channel",NA,NA,NA,NA,NA,NA,NA,"C4TM100",NA
5,"ControlledVocabulary","Wood",8,7,NA,"Bankful Channel woody debris (m3/m2)",NA,NA,NA,NA,NA,NA,NA,"V1W_MSQ",NA
5,"ControlledVocabulary","Wood",9,7,NA,"LWD vol in Bkf chnl& dry (m3/m2-SMLX)",NA,NA,NA,NA,NA,NA,NA,"V2W_MSQ",NA
5,"ControlledVocabulary","Wood",10,7,NA,"LWD vol in Bkf chnl& dry (m3/100m-SMLX)",NA,NA,NA,NA,NA,NA,NA,"V2WM100",NA
5,"ControlledVocabulary","Wood",11,7,NA,"Large Wood Volume in Bankful Channel Dry Including Dry",NA,NA,NA,NA,NA,NA,NA,"V4W_MSQ",NA
5,"ControlledVocabulary","Wood",12,7,NA,"LWD vol in Bkf chnl & dry (m3/100m-LX)",NA,NA,NA,NA,NA,NA,NA,"V4WM100",NA
5,"ControlledVocabulary","Wood",14,7,NA,"Large Wood Volume in the Channel",NA,NA,NA,NA,NA,NA,NA,"LWDEQVOLM100",NA
5,"ControlledVocabulary","Wood",15,7,NA,"Count of Pieces n+I201:I388ot corrected",NA,NA,NA,NA,"tot_pieces_uncorrected",NA,NA,NA,NA
5,"ControlledVocabulary","Wood",16,7,NA,"Count of  Pieces corrected",NA,NA,NA,NA,"tot_pieces_corrected",NA,NA,NA,NA
5,"ControlledVocabulary","Wood",18,7,NA,"Number of Measured Pecies",NA,NA,NA,NA,"number_measured_pieces",NA,NA,NA,NA
5,"ControlledVocabulary","Wood",19,7,NA,"Total Number of Pieces less then 30 CM  Dimander",NA,NA,NA,NA,"tot_pieces_LT30cm_diam",NA,NA,NA,NA
5,"ControlledVocabulary","Wood",20,7,NA,"Count of Small Pieces of Wood",NA,NA,NA,NA,"tot_small_pieces",NA,NA,NA,NA
5,"ControlledVocabulary","Wood",21,7,NA,"Count of 12 by 25 Pieces of Wood",NA,NA,NA,NA,"tot_12x25",NA,NA,NA,NA
5,"ControlledVocabulary","Wood",22,7,NA,"Count of 18 by 25 Pieces of Wood",NA,NA,NA,NA,"tot_18x25",NA,NA,NA,NA
5,"ControlledVocabulary","Wood",23,7,NA,"Count of 25 by 33 Pieces of Wood",NA,NA,NA,NA,"tot_24x33",NA,NA,NA,NA
5,"ControlledVocabulary","Wood",24,7,NA,"Count of 24 by 50 Pieces of Wood",NA,NA,NA,NA,"tot_24x50",NA,NA,NA,NA
5,"ControlledVocabulary","Wood",7,7,NA,"Large Wood in Wetted Channel",NA,NA,NA,NA,NA,NA,NA,"C4WM100",NA
5,"ControlledVocabulary","Wood",13,7,NA,"Wood Vol (m3/m2 in area fished in littoral)",NA,NA,NA,NA,NA,NA,NA,"LWDEQVOL_MSQ",NA
5,"ControlledVocabulary","Wood",17,7,NA,"Number of Estimated Pieces of Wood",NA,NA,NA,NA,"number_estimated_pieces",NA,NA,NA,NA
5,"ControlledVocabulary","Macroinvertebrates",1,9,"Observed","Observed macroinvertebrate richness",NA,NA,"Integer",NA,"observed","ObservedInvertRichness",NA,NA,NA
5,"ControlledVocabulary","Macroinvertebrates",2,9,"Expected","Expected macroinvertebrate richness",NA,NA,"Integer",NA,"expected","ExpectedInvertRichness",NA,NA,NA
5,"ControlledVocabulary","Macroinvertebrates",3,9,NA,"Metric score for taxa richness",NA,NA,NA,NA,NA,NA,NA,"RICH_PT",NA
5,"ControlledVocabulary","Macroinvertebrates",4,9,"OEratio","O/E Macroinvertebrate Index","Biological condition was assessed using an observed/expected (O/E) index.","min: 0, max: 1.5","Numeric","NA",NA,"OE_MACROINVRTBRTE","OE_Macroinvertebrate","OE_SCORE",NA
5,"ControlledVocabulary","Macroinvertebrates",5,9,NA,"Condition class based on O/E score",NA,NA,NA,NA,NA,NA,NA,"OE_COND",NA
5,"ControlledVocabulary","Macroinvertebrates",6,9,NA,"Presence of Invasive Macroinvertebrates",NA,NA,NA,NA,NA,"InvasiveInvertSp",NA,NA,NA
5,"ControlledVocabulary","Macroinvertebrates",7,9,"MMI","Multimetric Macroinvertebrate Index","Biological condition was assessed using the MMI (MultimetricIndex)",NA,"Numeric","NA",NA,"MMI_MACROINVRTBRTE",NA,"BENT_MMI_COND",NA
5,"ControlledVocabulary","Macroinvertebrates",8,9,NA,"The O/E or MMI model used to determine biological integrity",NA,NA,NA,NA,NA,"OE_MMI_ModelUsed","MMI_Macroinvertebrate",NA,NA
5,"ControlledVocabulary","Macroinvertebrates",9,9,NA,"Resample Count",NA,NA,NA,NA,"resampleCount",NA,NA,NA,NA
5,"ControlledVocabulary","Macroinvertebrates",10,9,NA,"Condition",NA,NA,NA,NA,"condition",NA,NA,NA,NA
5,"ControlledVocabulary","Macroinvertebrates",11,9,NA,"Model Applicability",NA,NA,NA,NA,NA,"ModelApplicability",NA,NA,NA
5,"ControlledVocabulary","Macroinvertebrates",12,9,NA,"Macroinvertebrate Count",NA,NA,NA,NA,NA,"MacroinvertebrateCount",NA,NA,NA
5,"ControlledVocabulary","Macroinvertebrates",13,9,NA,"Field Split",NA,NA,NA,NA,"field_split",NA,NA,NA,NA
5,"ControlledVocabulary","Macroinvertebrates",14,9,NA,"Lab Split",NA,NA,NA,NA,"lab_split",NA,NA,NA,NA
5,"ControlledVocabulary","Macroinvertebrates",15,9,NA,"Split Count",NA,NA,NA,NA,"split_count",NA,NA,NA,NA
5,"ControlledVocabulary","Macroinvertebrates",16,9,NA,"Fixed count",NA,NA,NA,NA,"fixed_count",NA,NA,NA,NA
5,"ControlledVocabulary","Macroinvertebrates",17,9,NA,"Big Rare Count",NA,NA,NA,NA,"big_rare_count",NA,NA,NA,NA
5,"ControlledVocabulary","Macroinvertebrates",18,9,"Richness","Taxa richness",NA,NA,"Integer",NA,"richness",NA,NA,NA,"Rich"
5,"ControlledVocabulary","Macroinvertebrates",19,9,NA,"Abundance",NA,NA,NA,NA,"abundance",NA,NA,NA,NA
5,"ControlledVocabulary","Macroinvertebrates",20,9,NA,"Shannon's Diversity",NA,NA,NA,NA,"Shannons_diversity",NA,NA,"HPRIME",NA
5,"ControlledVocabulary","Macroinvertebrates",21,9,NA,"Metric score for functional feeding group",NA,NA,NA,NA,NA,NA,NA,"FEED_PT",NA
5,"ControlledVocabulary","Macroinvertebrates",22,9,NA,"Metric score for habit",NA,NA,NA,NA,NA,NA,NA,"HABT_PT",NA
5,"ControlledVocabulary","Macroinvertebrates",23,9,NA,"Metric score for composition metric",NA,NA,NA,NA,NA,NA,NA,"COMP_PT",NA
5,"ControlledVocabulary","Macroinvertebrates",24,9,NA,"Metric score for diversity metric",NA,NA,NA,NA,NA,NA,NA,"DIVS_PT",NA
5,"ControlledVocabulary","Macroinvertebrates",25,9,NA,"Simpson's Diversity",NA,NA,NA,NA,"Simpsons_diversity",NA,NA,NA,NA
5,"ControlledVocabulary","Macroinvertebrates",26,9,NA,"Evenness",NA,NA,NA,NA,"evenness",NA,NA,NA,NA
5,"ControlledVocabulary","Macroinvertebrates",27,9,NA,"Number of EPT Taxa",NA,NA,NA,NA,"EPT_num_tx",NA,NA,NA,NA
5,"ControlledVocabulary","Macroinvertebrates",28,9,NA,"EPT Taxa Abundance",NA,NA,NA,NA,"EPT_abd_tx",NA,NA,NA,NA
5,"ControlledVocabulary","Macroinvertebrates",29,9,NA,"Dominant Family",NA,NA,NA,NA,"dominant_family",NA,NA,NA,NA
5,"ControlledVocabulary","Macroinvertebrates",30,9,NA,"Dominant Family abd",NA,NA,NA,NA,"dominant_family_abd",NA,NA,NA,NA
5,"ControlledVocabulary","Macroinvertebrates",31,9,NA,"Dominant Taxa",NA,NA,NA,NA,"dominant_tx",NA,NA,NA,NA
5,"ControlledVocabulary","Macroinvertebrates",32,9,NA,"Dominant abd Taxa",NA,NA,NA,NA,"dominant_abd_tx",NA,NA,NA,NA
5,"ControlledVocabulary","Macroinvertebrates",33,9,NA,"Hilsenhoff Biotic Index",NA,NA,NA,NA,"Hilsenhoff_biotic_index",NA,NA,NA,NA
5,"ControlledVocabulary","Macroinvertebrates",34,9,NA,"% clinger taxa, based on WSA autecology",NA,NA,NA,NA,NA,NA,NA,"CLNGPTAX",NA
5,"ControlledVocabulary","Macroinvertebrates",35,9,"Cling","Number of clinger taxa",NA,NA,"Integer",NA,"clinger_num_tx",NA,NA,"CLNGNTAX","Cling"
5,"ControlledVocabulary","Macroinvertebrates",36,9,"LongLvd","Number of long lived taxa",NA,NA,"Integer",NA,"long_lived_tx",NA,NA,NA,"LongLvd"
5,"ControlledVocabulary","Macroinvertebrates",37,9,NA,"Intolerant abd Taxz",NA,NA,NA,NA,"intolerant_abd_tx",NA,NA,NA,NA
5,"ControlledVocabulary","Macroinvertebrates",38,9,NA,"Tolerant Number Taxa",NA,NA,NA,NA,"tolerant_num_tx",NA,NA,NA,NA
5,"ControlledVocabulary","Macroinvertebrates",39,9,NA,"Tolerant abd Taxa",NA,NA,NA,NA,"tolerant_abd_tx",NA,NA,NA,NA
5,"ControlledVocabulary","Macroinvertebrates",40,9,"CTQd","Community tolerance quotient",NA,NA,"Integer",NA,"USFS_community_tol_quot",NA,NA,NA,"CTQd"
5,"ControlledVocabulary","Macroinvertebrates",41,9,NA,"Number of distinct intolerant taxa",NA,NA,NA,NA,NA,NA,NA,"MMI_BENT",NA
5,"ControlledVocabulary","Macroinvertebrates",42,9,NA,"No. of non-tolerants (PTV<6) taxa",NA,NA,NA,NA,NA,NA,NA,"NTOLNTAX",NA
5,"ControlledVocabulary","Macroinvertebrates",43,9,NA,"% taxa with pollution tolerance score between 0 and 5.9",NA,NA,NA,NA,NA,NA,NA,"NTOLPTAX",NA
5,"ControlledVocabulary","Macroinvertebrates",44,9,NA,"% taxa with pollution tolerance score between 8 and 10",NA,NA,NA,NA,NA,NA,NA,"STOLPTAX",NA
5,"ControlledVocabulary","Macroinvertebrates",45,9,NA,"Metric score for tolerance metric",NA,NA,NA,NA,NA,NA,NA,"TOLR_PT",NA
5,"ControlledVocabulary","Macroinvertebrates",46,9,NA,"% Tolerant (PTV>=7) taxa",NA,NA,NA,NA,NA,NA,NA,"TOLRPTAX",NA
5,"ControlledVocabulary","Macroinvertebrates",47,9,NA,"Number of shredder taxa",NA,NA,NA,NA,"shredder_num_tx",NA,NA,"SHRDNTAX",NA
5,"ControlledVocabulary","Macroinvertebrates",48,9,NA,"Shredder Abundance",NA,NA,NA,NA,"shredder_abd",NA,NA,NA,NA
5,"ControlledVocabulary","Macroinvertebrates",49,9,NA,"Number of scraper taxa",NA,NA,NA,NA,"scraper_num_tx",NA,NA,"SCRPNTAX",NA
5,"ControlledVocabulary","Macroinvertebrates",50,9,NA,"Scraper abundance",NA,NA,NA,NA,"scraper_abd",NA,NA,NA,NA
5,"ControlledVocabulary","Macroinvertebrates",51,9,NA,"Number of collector-filterer taxa",NA,NA,NA,NA,"collector_filterer_num_tx",NA,NA,NA,NA
5,"ControlledVocabulary","Macroinvertebrates",52,9,NA,"Collector-filterer abundance",NA,NA,NA,NA,"collector_filterer_abd",NA,NA,NA,NA
5,"ControlledVocabulary","Macroinvertebrates",53,9,NA,"Number of collector-gatherer taxa",NA,NA,NA,NA,"collector_gatherer_num_tx",NA,NA,NA,NA
5,"ControlledVocabulary","Macroinvertebrates",54,9,NA,"Collector-gatherer abundance",NA,NA,NA,NA,"collector_gatherer_abd",NA,NA,NA,NA
5,"ControlledVocabulary","Macroinvertebrates",55,9,NA,"Number of predator taxa",NA,NA,NA,NA,"predator_num_tx",NA,NA,NA,NA
5,"ControlledVocabulary","Macroinvertebrates",56,9,NA,"Predator abundance",NA,NA,NA,NA,"predator_abd",NA,NA,NA,NA
5,"ControlledVocabulary","Macroinvertebrates",57,9,"Ephet","Number of Ephemeroptera taxa",NA,NA,"Integer",NA,"Marcos Metrics",NA,NA,NA,"Ephet"
5,"ControlledVocabulary","Macroinvertebrates",58,9,NA,"Number of Ephemeroptera taxa",NA,NA,NA,NA,"Ephemeroptera_num_tx",NA,NA,"EPHENTAX",NA
5,"ControlledVocabulary","Macroinvertebrates",59,9,NA,"% Ephemeroptera taxa",NA,NA,NA,NA,NA,NA,NA,"EPHEPTAX",NA
5,"ControlledVocabulary","Macroinvertebrates",60,9,NA,"Ephemeroptera abundance",NA,NA,NA,NA,"Ephemeroptera_abd",NA,NA,NA,NA
5,"ControlledVocabulary","Macroinvertebrates",61,9,NA,"Number of distinct Ephemeroptera, Plecoptera, and Trichoptera taxa",NA,NA,NA,NA,NA,NA,NA,"EPT_NTAX",NA
5,"ControlledVocabulary","Macroinvertebrates",62,9,NA,"% Ephemeroptera, Plecoptera, and Trichoptera individuals",NA,NA,NA,NA,NA,NA,NA,"EPT_PIND",NA
5,"ControlledVocabulary","Macroinvertebrates",63,9,NA,"Percent of  Ephemeroptera, Plecoptera, and Trichoptera taxa",NA,NA,NA,NA,NA,NA,NA,"EPT_PTAX",NA
5,"ControlledVocabulary","Macroinvertebrates",64,9,"Plect","Number of Plecoptera taxa",NA,NA,"Integer",NA,"Plecoptera_num_tx",NA,NA,NA,"Plect"
5,"ControlledVocabulary","Macroinvertebrates",65,9,NA,"Plecoptera abundance",NA,NA,NA,NA,"Plecoptera_abd",NA,NA,NA,NA
5,"ControlledVocabulary","Macroinvertebrates",66,9,"Trict","Number of Trichoptera taxa",NA,NA,"Integer",NA,"Trichoptera_num_tx",NA,NA,NA,"Trict"
5,"ControlledVocabulary","Macroinvertebrates",67,9,NA,"Trichoptera abundance",NA,NA,NA,NA,"Trichoptera_abd",NA,NA,NA,NA
5,"ControlledVocabulary","Macroinvertebrates",68,9,NA,"Number of Coleoptera taxa",NA,NA,NA,NA,"Coleoptera_num_tx",NA,NA,NA,NA
5,"ControlledVocabulary","Macroinvertebrates",69,9,NA,"Coleoptera abundance",NA,NA,NA,NA,"Coleoptera_abd",NA,NA,NA,NA
5,"ControlledVocabulary","Macroinvertebrates",70,9,NA,"Number of Elmidae taxa",NA,NA,NA,NA,"Elmidae_num_tx",NA,NA,NA,NA
5,"ControlledVocabulary","Macroinvertebrates",71,9,NA,"Elmidae abundance",NA,NA,NA,NA,"Elmidae_abd",NA,NA,NA,NA
5,"ControlledVocabulary","Macroinvertebrates",72,9,NA,"Number of Megaloptera taxa",NA,NA,NA,NA,"Megaloptera_num_tx",NA,NA,NA,NA
5,"ControlledVocabulary","Macroinvertebrates",73,9,NA,"Megaloptera abundance",NA,NA,NA,NA,"Megaloptera_abd",NA,NA,NA,NA
5,"ControlledVocabulary","Macroinvertebrates",74,9,NA,"Number of Diptera taxa",NA,NA,NA,NA,"Diptera_num_tx",NA,NA,NA,NA
5,"ControlledVocabulary","Macroinvertebrates",75,9,NA,"Diptera abundance",NA,NA,NA,NA,"Diptera_abd",NA,NA,NA,NA
5,"ControlledVocabulary","Macroinvertebrates",76,9,NA,"Number of Chironomidae taxa",NA,NA,NA,NA,"Chironomidae_num_tx",NA,NA,NA,NA
5,"ControlledVocabulary","Macroinvertebrates",77,9,NA,"Percent Chironomidae taxa",NA,NA,NA,NA,NA,NA,NA,"CHIRPTAX",NA
5,"ControlledVocabulary","Macroinvertebrates",78,9,NA,"Chironomidae abundance",NA,NA,NA,NA,"Chironomidae_abd",NA,NA,NA,NA
5,"ControlledVocabulary","Macroinvertebrates",79,9,NA,"Number of Crustacea taxa",NA,NA,NA,NA,"crustacea_num_tx",NA,NA,NA,NA
5,"ControlledVocabulary","Macroinvertebrates",80,9,NA,"Crustacea abundance",NA,NA,NA,NA,"crustacea_abd",NA,NA,NA,NA
5,"ControlledVocabulary","Macroinvertebrates",81,9,NA,"Number of Oligochaete taxa",NA,NA,NA,NA,"Oligochaete_num_tx",NA,NA,NA,NA
5,"ControlledVocabulary","Macroinvertebrates",82,9,NA,"% burrower taxa, based on WSA autecology",NA,NA,NA,NA,NA,NA,NA,"BURRPTAX",NA
5,"ControlledVocabulary","Macroinvertebrates",83,9,NA,"Oligochaete abundance",NA,NA,NA,NA,"Oligochaete_abd",NA,NA,NA,NA
5,"ControlledVocabulary","Macroinvertebrates",84,9,NA,"Number of Mollusca taxa",NA,NA,NA,NA,"Mollusca_num_tx",NA,NA,NA,NA
5,"ControlledVocabulary","Macroinvertebrates",85,9,NA,"Mollusca abundance",NA,NA,NA,NA,"Mollusca_abd",NA,NA,NA,NA
5,"ControlledVocabulary","Macroinvertebrates",86,9,NA,"Number of Insect taxa",NA,NA,NA,NA,"insect_num_tx",NA,NA,NA,NA
5,"ControlledVocabulary","Macroinvertebrates",87,9,NA,"Insect abundance",NA,NA,NA,NA,"insect_abd",NA,NA,NA,NA
5,"ControlledVocabulary","Macroinvertebrates",88,9,NA,"Number of non-insect taxa",NA,NA,NA,NA,"noninsect_num_tx",NA,NA,NA,NA
5,"ControlledVocabulary","Macroinvertebrates",89,9,NA,"Non-insect abundance",NA,NA,NA,NA,"noninsect_abd",NA,NA,NA,NA
5,"ControlledVocabulary","Macroinvertebrates",90,9,NA,"% non-insect individuals",NA,NA,NA,NA,NA,NA,NA,"NOINPIND",NA
5,"ControlledVocabulary","Macroinvertebrates",91,9,"Intol","Number of Intolerant taxa",NA,NA,"Integer",NA,"intolerant_num_tx",NA,NA,"INTLNTAX","Intol"
5,"ControlledVocabulary","Macroinvertebrates",92,9,NA,"% individuals in dominant 5 taxa",NA,NA,NA,NA,NA,NA,NA,"DOM5PIND",NA
5,"ControlledVocabulary","Macroinvertebrates",93,9,NA,"RIVPAC's score of observed / expected taxa",NA,NA,NA,NA,NA,NA,NA,NA,"RIVPACS"
5,"ControlledVocabulary","Water chemistry",1,10,"InstantTemp","Insidious Air Temperature",NA,NA,"Numeric",NA,"air_temp","InstantTemp",NA,NA,NA
5,"ControlledVocabulary","Water chemistry",4,10,NA,"Perdectied Total Nitrogen",NA,NA,NA,NA,NA,"PRD_TotalNitrogen",NA,NA,NA
5,"ControlledVocabulary","Water chemistry",6,10,NA,"Predicted Total Phosphorous",NA,NA,NA,NA,NA,"PRD_TotalPhosphorous",NA,NA,NA
5,"ControlledVocabulary","Water chemistry",8,10,NA,"Predicted Specific Conductance",NA,NA,NA,NA,NA,"PRD_SpecificConductance",NA,"PHLAB",NA
5,"ControlledVocabulary","Water chemistry",10,10,NA,"Time Air Temperature Was Collected",NA,NA,NA,NA,"air_temp_time",NA,NA,NA,NA
5,"ControlledVocabulary","Overhead Cover",1,11,NA,"Percent Overhead Cover",NA,NA,NA,NA,NA,"PctOverheadCover",NA,NA,NA
5,"ControlledVocabulary","Overhead Cover",2,11,NA,"Average percent overhead cover provided by stream banks",NA,NA,NA,NA,NA,"BankOverheadCover",NA,NA,NA
5,"ControlledVocabulary","Overhead Cover",3,11,NA,"Mean Canopy Density at Bank",NA,NA,NA,NA,NA,NA,NA,"XCDENBK",NA
5,"ControlledVocabulary","Overhead Cover",4,11,NA,"Mean Canopy Density at Mid- Channel",NA,NA,NA,NA,NA,NA,NA,"XCDENMID",NA
5,"ControlledVocabulary","Other/Covariates",1,12,NA,"Date the Data Was Change",NA,NA,NA,NA,NA,"DateChange",NA,NA,NA
5,"ControlledVocabulary","Other/Covariates",2,12,NA,"Reason and Field Changed",NA,NA,NA,NA,NA,"ReasonChange",NA,NA,NA
5,"ControlledVocabulary","Management",1,13,NA,"Percent FS / BLM",NA,NA,NA,NA,NA,NA,NA,NA,"FedPct"
5,"ControlledVocabulary","Management",2,13,NA,"Management Category",NA,NA,NA,NA,NA,NA,NA,NA,"Mgmt"
5,"ControlledVocabulary","Index Value",1,14,NA,"Index of physical habitat integrity",NA,NA,NA,NA,NA,NA,NA,NA,"HabIndex"
5,"ControlledVocabulary","Fish cover",1,15,NA,"Filamentous algae Mean areal cover",NA,NA,NA,NA,NA,NA,NA,"XFC_ALG",NA
5,"ControlledVocabulary","Fish cover",2,15,NA,"Fish Cover -All Types (Sum Areal Prop)",NA,NA,NA,NA,NA,NA,NA,"XFC_ALL",NA
5,"ControlledVocabulary","Fish cover",3,15,NA,"Aquatic macrophyte mean areal cover",NA,NA,NA,NA,NA,NA,NA,"XFC_AQM",NA
5,"ControlledVocabulary","Fish cover",4,15,NA,"Fish Cover -LWDRCKUCBorHUM(Sum Area Prop)",NA,NA,NA,NA,NA,NA,NA,"XFC_BIG",NA
5,"ControlledVocabulary","Fish cover",5,15,NA,"Fish Cvr-Brush&Small Debris (Areal Prop)",NA,NA,NA,NA,NA,NA,NA,"XFC_BRS",NA
5,"ControlledVocabulary","Fish cover",6,15,NA,"Fish Cover-Artificial Structures",NA,NA,NA,NA,NA,NA,NA,"XFC_HUM",NA
5,"ControlledVocabulary","Fish cover",7,15,NA,"Fish Cover-Artificial Structures",NA,NA,NA,NA,NA,NA,NA,"XFC_LVT",NA
5,"ControlledVocabulary","Fish cover",8,15,NA,"Large woody debris areal cover",NA,NA,NA,NA,NA,NA,NA,"XFC_LWD",NA
5,"ControlledVocabulary","Fish cover",9,15,NA,"Sum of Non-Anthropogenic Fish Areal Cover Types",NA,NA,NA,NA,NA,NA,NA,"XFC_NAT",NA
5,"ControlledVocabulary","Fish cover",10,15,NA,"Fish Cover -Overhang Veg (Areal Prop)",NA,NA,NA,NA,NA,NA,NA,"XFC_OHV",NA
5,"ControlledVocabulary","Fish cover",11,15,NA,"Fish Cover-Boulders",NA,NA,NA,NA,NA,NA,NA,"XFC_RCK",NA
5,"ControlledVocabulary","Fish cover",12,15,NA,"Fish Cover - Undercut Banks",NA,NA,NA,NA,NA,NA,NA,"XFC_UCB",NA
5,"ControlledVocabulary","Environment",1,16,NA,"Three climatic regions of the US used in WSA in indicator development: Eastern Highlands, West, and Plains and Lowlands",NA,NA,NA,NA,NA,NA,NA,"FW_ECO3",NA
5,"ControlledVocabulary","Environment",2,16,NA,"Aggregated level 3 ecoregions used in WSA",NA,NA,NA,NA,NA,NA,NA,"FW_ECO9",NA
5,"ControlledVocabulary","Environment",3,16,NA,"Catchment area upstream from the site",NA,NA,NA,NA,NA,NA,NA,NA,"Area"
5,"ControlledVocabulary","Environment",4,16,NA,"Elevation at the bottom of stream reach",NA,NA,NA,NA,NA,NA,NA,NA,"Elev"
5,"ControlledVocabulary","Environment",5,16,NA,"Annual Average Precipitation",NA,NA,NA,NA,NA,NA,NA,NA,"AvgPrecip"
5,"ControlledVocabulary","Environment",6,16,NA,"EPA Hybrid Level III Ecoregion",NA,NA,NA,NA,NA,"EcoregionHybrid10",NA,NA,NA
5,"ControlledVocabulary","Environment",7,16,NA,"EPA Climatic Zone",NA,NA,NA,NA,NA,"Climate",NA,NA,NA
5,"ControlledVocabulary","Environment",8,16,NA,"NAMC Benchmark",NA,NA,NA,NA,NA,"NAMC_Benchmark",NA,NA,NA
5,"ControlledVocabulary","Environment",9,16,NA,"NRCS Hydrologic Unit Code for 6th field sub-watersheds",NA,NA,NA,NA,NA,NA,NA,NA,"HUC6"
5,"ControlledVocabulary","Human disturbance",1,17,NA,"EPA Human Disturbacne Indix- Argicultural Influence",NA,NA,NA,NA,NA,NA,NA,"W1_HAG",NA
5,"ControlledVocabulary","Human disturbance",2,17,NA,"EPA Human Distrubance Index",NA,NA,NA,NA,NA,NA,NA,"W1_HALL",NA
5,"ControlledVocabulary","Human disturbance",3,17,NA,"EPA Human Distrubance Index - Non-Argicultura",NA,NA,NA,NA,NA,NA,NA,"W1_HNOAG",NA
5,"ControlledVocabulary","Human disturbance",4,17,NA,"Distance to Buildings",NA,NA,NA,NA,NA,NA,NA,"W1H_BLDG",NA
5,"ControlledVocabulary","Human disturbance",5,17,NA,"Count of Near Channel Disturbance",NA,NA,NA,NA,NA,NA,NA,"W1H_CROP",NA
5,"ControlledVocabulary","Human disturbance",6,17,NA,"Distance to Trash/Landfill",NA,NA,NA,NA,NA,NA,NA,"W1H_LDFL",NA
5,"ControlledVocabulary","Human disturbance",7,17,NA,"Distance to Logging",NA,NA,NA,NA,NA,NA,NA,"W1H_LOG",NA
5,"ControlledVocabulary","Human disturbance",8,17,NA,"Distance to Mining",NA,NA,NA,NA,NA,NA,NA,"W1H_MINE",NA
5,"ControlledVocabulary","Human disturbance",9,17,NA,"Distance to Lawn/Park",NA,NA,NA,NA,NA,NA,NA,"W1H_PARK",NA
5,"ControlledVocabulary","Human disturbance",10,17,NA,"Distance to Pipes (infl/Effl)",NA,NA,NA,NA,NA,NA,NA,"W1H_PIPE",NA
5,"ControlledVocabulary","Human disturbance",11,17,NA,"Distance to Pasture or Hayfield",NA,NA,NA,NA,NA,NA,NA,"W1H_PSTR",NA
5,"ControlledVocabulary","Human disturbance",12,17,NA,"Distance to Pavement",NA,NA,NA,NA,NA,NA,NA,"W1H_PVMT",NA
5,"ControlledVocabulary","Human disturbance",13,17,NA,"Distance to Road/Railroad",NA,NA,NA,NA,NA,NA,NA,"W1H_ROAD",NA
5,"ControlledVocabulary","Human disturbance",14,17,NA,"Count of Near Channel Disturbance",NA,NA,NA,NA,NA,NA,NA,"W1H_WALL",NA
NA,NA,NA,NA,NA,NA,NA,NA,NA,NA,NA,NA,NA,NA,NA,NA
NA,NA,NA,NA,NA,NA,NA,NA,NA,NA,NA,NA,NA,NA,NA,NA
